PLATAFORMA;TIPO;PROPRIEDADE;LDA;BACIA;RESTRICAO_QUEIMA;TIPO_OPERACAO;IDADE_NA _PARADA;DURAÇÃO
PA04;FPSO;Afretado;P;B1;NÃO;Produção;3; 9 
PA05;FPSO;Afretado;P;B1;NÃO;Produção;3; 14 
PA05;FPSO;Afretado;P;B1;NÃO;Injeção;3; 13 
PA09;FPSO;Afretado;P;B1;NÃO;Produção;4; 14 
PA09;FPSO;Afretado;P;B1;NÃO;Produção;6; 25 
PA09;FPSO;Afretado;P;B1;NÃO;Produção;8; 12 
PA21;FPSO;Afretado;P;B1;NÃO;Produção;11; 2 
PA21;FPSO;Afretado;P;B1;NÃO;Produção;11; 3 
PA21;FPSO;Afretado;P;B1;NÃO;Produção;11; 5 
PA22;FPSO;Afretado;P;B1;NÃO;Produção;6; 4 
PA22;FPSO;Afretado;P;B1;NÃO;Produção;6; 3 
PA22;FPSO;Afretado;P;B1;NÃO;Produção;6; 2 
PA22;FPSO;Afretado;P;B1;NÃO;Produção;6; 2 
PA22;FPSO;Afretado;P;B1;NÃO;Produção;6; 2 
PA22;FPSO;Afretado;P;B1;SIM;Produção;6; 3 
PA22;FPSO;Afretado;P;B1;SIM;Produção;6; 3 
PA22;FPSO;Afretado;P;B1;NÃO;Produção;6; 1 
PA22;FPSO;Afretado;P;B1;NÃO;Produção;7; 17 
PA22;FPSO;Afretado;P;B1;NÃO;Produção;8; 15 
PA22;FPSO;Afretado;P;B1;NÃO;Produção;9; 17 
PA22;FPSO;Afretado;P;B1;NÃO;Injeção;10; 8 
PA22;FPSO;Afretado;P;B1;NÃO;Produção;11; 89 
PA22;FPSO;Afretado;P;B1;NÃO;Injeção;11; 88 
PA22;FPSO;Afretado;P;B1;NÃO;Produção;13; 40 
PA22;FPSO;Afretado;P;B1;NÃO;Produção;14; 39 
PA24;FPSO;Afretado;P;B1;NÃO;Produção;7; 14 
PA24;FPSO;Afretado;P;B1;NÃO;Produção;7; 3 
PP01;SS;Próprio;R;B1;NÃO;Produção;27; 5 
PP01;SS;Próprio;R;B1;NÃO;Produção;27; 4 
PP01;SS;Próprio;R;B1;NÃO;Produção;28; 2 
PP01;SS;Próprio;R;B1;NÃO;Produção;28; 2 
PP02;SS;Próprio;P;B1;NÃO;Produção;22; 10 
PP02;SS;Próprio;P;B1;NÃO;Produção;23; 3 
PP02;SS;Próprio;P;B1;NÃO;Produção;25; 38 
PP02;SS;Próprio;P;B1;NÃO;Produção;28; 25 
PP03;SS;Próprio;R;B1;NÃO;Produção;32; 20 
PP03;SS;Próprio;R;B1;NÃO;Produção;34; 8 
PP03;SS;Próprio;R;B1;NÃO;Produção;35; 41 
PP04;SS;Próprio;R;B1;NÃO;Produção;33; 10 
PP05;SS;Próprio;P;B1;NÃO;Produção;21; 1 
PP05;SS;Próprio;P;B1;NÃO;Produção;21; 1 
PP05;SS;Próprio;P;B1;NÃO;Produção;23; 48 
PP05;SS;Próprio;P;B1;NÃO;Produção;27; 36 
PP05;SS;Próprio;P;B1;NÃO;Produção;28; 18 
PP05;SS;Próprio;P;B1;NÃO;Injeção;28; 5 
PP05;SS;Próprio;P;B1;NÃO;Produção;28; 4 
PP05;SS;Próprio;P;B1;NÃO;Injeção;28; 2 
PP05;SS;Próprio;P;B1;NÃO;Produção;29; 3 
PP05;SS;Próprio;P;B1;NÃO;Injeção;29; 2 
PP05;SS;Próprio;P;B1;NÃO;Produção;29; 4 
PP06;SS;Próprio;P;B1;NÃO;Produção;18; 2 
PP06;SS;Próprio;P;B1;NÃO;Produção;18; 1 
PP06;SS;Próprio;P;B1;NÃO;Produção;19; 44 
PP06;SS;Próprio;P;B1;NÃO;Produção;19; 13 
PP06;SS;Próprio;P;B1;NÃO;Produção;21; 28 
PP06;SS;Próprio;P;B1;NÃO;Produção;23; 2 
PP06;SS;Próprio;P;B1;NÃO;Produção;25; 41 
PP06;SS;Próprio;P;B1;NÃO;Injeção;25; 46 
PP06;SS;Próprio;P;B1;NÃO;Produção;25; 67 
PP07;SS;Próprio;P;B1;NÃO;Produção;24; 36 
PP07;SS;Próprio;P;B1;NÃO;Produção;27; 40 
PP07;SS;Próprio;P;B1;NÃO;Produção;30; 107 
PP07;SS;Próprio;P;B1;NÃO;Produção;30; 245 
PP09;SS;Próprio;P;B1;NÃO;Produção;28; 17 
PP09;SS;Próprio;P;B1;NÃO;Produção;28; 1 
PP09;SS;Próprio;P;B1;NÃO;Produção;28; 12 
PP09;SS;Próprio;P;B1;NÃO;Produção;29; 47 
PP09;SS;Próprio;P;B1;NÃO;Produção;32; 22 
PP11;FPSO;Próprio;P;B1;NÃO;Produção;17; 4 
PP11;FPSO;Próprio;P;B1;NÃO;Produção;18; 1 
PP11;FPSO;Próprio;P;B1;NÃO;Produção;18; 34 
PP12;FPSO;Próprio;P;B1;NÃO;Produção;18; 43 
PP12;FPSO;Próprio;P;B1;NÃO;Produção;18; 34 
PP12;FPSO;Próprio;P;B1;NÃO;Produção;20; 5 
PP12;FPSO;Próprio;P;B1;NÃO;Produção;20; 1 
PP12;FPSO;Próprio;P;B1;NÃO;Produção;21; 30 
PP12;FPSO;Próprio;P;B1;NÃO;Produção;21; 24 
PP12;FPSO;Próprio;P;B1;NÃO;Produção;23; 59 
PP13;FPSO;Próprio;P;B1;NÃO;Produção;15; 43 
PP13;FPSO;Próprio;P;B1;NÃO;Produção;15; 1 
PP13;FPSO;Próprio;P;B1;NÃO;Produção;15; 1 
PP13;FPSO;Próprio;P;B1;NÃO;Produção;15; 1 
PP13;FPSO;Próprio;P;B1;NÃO;Produção;16; 1 
PP13;FPSO;Próprio;P;B1;NÃO;Produção;18; 41 
PP14;SS;Próprio;P;B1;NÃO;Produção;17; 22 
PP14;SS;Próprio;P;B1;NÃO;Injeção;19; 2 
PP14;SS;Próprio;P;B1;NÃO;Produção;20; 21 
PP14;SS;Próprio;P;B1;NÃO;Produção;20; 8 
PP14;SS;Próprio;P;B1;NÃO;Produção;20; 1 
PP14;SS;Próprio;P;B1;NÃO;Injeção;20; 4 
PP14;SS;Próprio;P;B1;NÃO;Injeção;20; 74 
PP14;SS;Próprio;P;B1;NÃO;Injeção;20; 7 
PP14;SS;Próprio;P;B1;NÃO;Injeção;20; 2 
PP14;SS;Próprio;P;B1;NÃO;Injeção;20; 5 
PP14;SS;Próprio;P;B1;NÃO;Produção;20; 28 
PP14;SS;Próprio;P;B1;NÃO;Produção;23; 72 
PP14;SS;Próprio;P;B1;NÃO;Injeção;23; 45 
PP15;FPSO;Próprio;P;B1;NÃO;Produção;11; 4 
PP15;FPSO;Próprio;P;B1;NÃO;Produção;11; 2 
PP15;FPSO;Próprio;P;B1;NÃO;Produção;11; 4 
PP15;FPSO;Próprio;P;B1;NÃO;Produção;11; 25 
PP15;FPSO;Próprio;P;B1;NÃO;Produção;14; 29 
PP15;FPSO;Próprio;P;B1;NÃO;Produção;17; 32 
PP15;FPSO;Próprio;P;B1;NÃO;Produção;17; 79 
PP15;FPSO;Próprio;P;B1;NÃO;Produção;17; 1 
PP15;FPSO;Próprio;P;B1;NÃO;Produção;17; 72 
PP15;FPSO;Próprio;P;B1;NÃO;Injeção;19; 61 
PP15;FPSO;Próprio;P;B1;NÃO;Produção;19; 37 
PP15;FPSO;Próprio;P;B1;NÃO;Produção;20; 40 
PP15;FPSO;Próprio;P;B1;NÃO;Injeção;20; 32 
PP15;FPSO;Próprio;P;B1;NÃO;Injeção;20; 1 
PP16;FPSO;Próprio;P;B1;NÃO;Produção;10; 2 
PP16;FPSO;Próprio;P;B1;NÃO;Produção;10; 5 
PP16;FPSO;Próprio;P;B1;NÃO;Produção;10; 10 
PP16;FPSO;Próprio;P;B1;NÃO;Produção;10; 25 
PP16;FPSO;Próprio;P;B1;NÃO;Produção;12; 5 
PP16;FPSO;Próprio;P;B1;NÃO;Produção;12; 27 
PP16;FPSO;Próprio;P;B1;NÃO;Produção;12; 10 
PP16;FPSO;Próprio;P;B1;NÃO;Produção;15; 45 
PP16;FPSO;Próprio;P;B1;NÃO;Produção;18; 120 
PP16;FPSO;Próprio;P;B1;NÃO;Injeção;18; 1 
PP16;FPSO;Próprio;P;B1;NÃO;Produção;21; 63 
PP16;FPSO;Próprio;P;B1;NÃO;Injeção;21; 79 
PP18;SS;Próprio;P;B1;NÃO;Produção;6; 14 
PP18;SS;Próprio;P;B1;NÃO;Produção;6; 4 
PP18;SS;Próprio;P;B1;NÃO;Produção;9; 20 
PP18;SS;Próprio;P;B1;NÃO;Injeção;12; 70 
PP18;SS;Próprio;P;B1;NÃO;Produção;14; 11 
PP18;SS;Próprio;P;B1;NÃO;Produção;14; 55 
PP18;SS;Próprio;P;B1;NÃO;Injeção;14; 33 
PP18;SS;Próprio;P;B1;NÃO;Produção;16; 13 
PP18;SS;Próprio;P;B1;NÃO;Injeção;16; 7 
PP20;FPU;Próprio;P;B1;NÃO;Produção;6; 18 
PP20;FPU;Próprio;P;B1;NÃO;Produção;7; 11 
PP20;FPU;Próprio;P;B1;NÃO;Produção;9; 2 
PP20;FPU;Próprio;P;B1;NÃO;Produção;9; 20 
PP20;FPU;Próprio;P;B1;NÃO;Produção;9; 3 
PP20;FPU;Próprio;P;B1;NÃO;Produção;12; 31 
PP20;FPU;Próprio;P;B1;NÃO;Injeção;12; 6 
PP20;FPU;Próprio;P;B1;NÃO;Injeção;14; 4 
PP20;FPU;Próprio;P;B1;NÃO;Produção;15; 51 
PP20;FPU;Próprio;P;B1;NÃO;Injeção;15; 44 
PP20;FPU;Próprio;P;B1;NÃO;Injeção;17; 83 
PP20;FPU;Próprio;P;B1;NÃO;Produção;17; 83 
PP20;FPU;Próprio;P;B1;NÃO;Produção;18; 18 
PP23;SS;Próprio;U;B1;NÃO;Produção;4; 12 
PP23;SS;Próprio;U;B1;NÃO;Produção;6; 20 
PP23;SS;Próprio;U;B1;NÃO;Produção;10; 31 
PP23;SS;Próprio;U;B1;NÃO;Injeção;10; 17 
PP23;SS;Próprio;U;B1;NÃO;Injeção;10; 108 
PP23;SS;Próprio;U;B1;NÃO;Injeção;10; 24 
PP23;SS;Próprio;U;B1;NÃO;Injeção;11; 10 
PP23;SS;Próprio;U;B1;NÃO;Injeção;12; 11 
PP23;SS;Próprio;U;B1;NÃO;Produção;13; 44 
PP23;SS;Próprio;U;B1;NÃO;Injeção;13; 36 
PP23;SS;Próprio;U;B1;NÃO;Produção;15; 5 
PP23;SS;Próprio;U;B1;SIM;Injeção;15; 3 
PP26;FPSO;Próprio;P;B1;NÃO;Produção;8; 2 
PP26;FPSO;Próprio;P;B1;NÃO;Produção;8; 16 
PP28;FPSO;Próprio;P;B1;NÃO;Produção;8; 38 
PP29;SS;Próprio;R;B1;NÃO;Produção;35; 1 
PP40;FIXA;Próprio;R;B1;NÃO;Produção;6; 62 
PP40;FIXA;Próprio;R;B1;NÃO;Produção;6; 1 
PP40;FIXA;Próprio;R;B1;NÃO;Produção;9; 107 
PP40;FIXA;Próprio;R;B1;NÃO;Produção;11; 57 
PP41;FIXA;Próprio;R;B1;NÃO;Produção;33; 39 
PP41;FIXA;Próprio;R;B1;NÃO;Produção;36; 8 
PP41;FIXA;Próprio;R;B1;NÃO;Produção;36; 30 
PP42;FIXA;Próprio;R;B1;NÃO;Produção;33; 11 
PP42;FIXA;Próprio;R;B1;NÃO;Produção;34; 17 
PP42;FIXA;Próprio;R;B1;NÃO;Produção;35; 46 
PP43;FIXA;Próprio;R;B1;NÃO;Produção;29; 11 
PP43;FIXA;Próprio;R;B1;NÃO;Produção;31; 43 
PP44;FIXA;Próprio;R;B1;NÃO;Produção;26; 1 
PP44;FIXA;Próprio;R;B1;NÃO;Produção;28; 12 
PP44;FIXA;Próprio;R;B1;NÃO;Produção;30; 43 
PP45;FIXA;Próprio;R;B1;NÃO;Produção;34; 3 
PP45;FIXA;Próprio;R;B1;NÃO;Produção;35; 38 
PP45;FIXA;Próprio;R;B1;NÃO;Produção;35; 2 
PP45;FIXA;Próprio;R;B1;NÃO;Produção;38; 49 
PP46;FIXA;Próprio;R;B1;NÃO;Produção;32; 32 
PP46;FIXA;Próprio;R;B1;NÃO;Produção;35; 15 
PP46;FIXA;Próprio;R;B1;NÃO;Produção;36; 13 
PP47;FIXA;Próprio;R;B1;NÃO;Produção;31; 32 
PP47;FIXA;Próprio;R;B1;NÃO;Produção;31; 2 
PP47;FIXA;Próprio;R;B1;NÃO;Produção;31; 1 
PP47;FIXA;Próprio;R;B1;NÃO;Produção;34; 16 
PP47;FIXA;Próprio;R;B1;NÃO;Produção;36; 81 
PP48;FIXA;Próprio;R;B1;NÃO;Produção;29; 11 
PP48;FIXA;Próprio;R;B1;NÃO;Injeção;31; 43 
PP48;FIXA;Próprio;R;B1;NÃO;Produção;31; 38 
PP49;FIXA;Próprio;R;B1;NÃO;Produção;32; 2 
PP49;FIXA;Próprio;R;B1;NÃO;Produção;33; 40 
PP49;FIXA;Próprio;R;B1;NÃO;Produção;36; 79 
PP50;FIXA;Próprio;R;B1;NÃO;Produção;28; 11 
PP50;FIXA;Próprio;R;B1;NÃO;Produção;30; 49 
PP51;FIXA;Próprio;R;B1;NÃO;Produção;28; 11 
PP51;FIXA;Próprio;R;B1;NÃO;Produção;30; 42 
PP52;FIXA;Próprio;R;B1;NÃO;Produção;28; 11 
PP52;FIXA;Próprio;R;B1;NÃO;Injeção;30; 50 
PP52;FIXA;Próprio;R;B1;NÃO;Produção;30; 51 
PA08;FPSO;Afretado;U;B2;NÃO;Produção;3; 7 
PA08;FPSO;Afretado;U;B2;NÃO;Produção;3; 14 
PA08;FPSO;Afretado;U;B2;NÃO;Produção;4; 12 
PA08;FPSO;Afretado;U;B2;NÃO;Produção;5; 13 
PA08;FPSO;Afretado;U;B2;SIM;Produção;5; 6 
PA08;FPSO;Afretado;U;B2;SIM;Produção;6; 11 
PA08;FPSO;Afretado;U;B2;NÃO;Produção;7; 14 
PA08;FPSO;Afretado;U;B2;NÃO;Injeção;9; 3 
PA08;FPSO;Afretado;U;B2;NÃO;Produção;9; 16 
PA08;FPSO;Afretado;U;B2;NÃO;Injeção;9; 15 
PA08;FPSO;Afretado;U;B2;NÃO;Produção;10; 22 
PA08;FPSO;Afretado;U;B2;NÃO;Injeção;10; 20 
PA08;FPSO;Afretado;U;B2;NÃO;Produção;11; 16 
PA08;FPSO;Afretado;U;B2;NÃO;Injeção;11; 15 
PA08;FPSO;Afretado;U;B2;NÃO;Injeção;12; 30 
PA08;FPSO;Afretado;U;B2;NÃO;Produção;12; 27 
PA08;FPSO;Afretado;U;B2;NÃO;Injeção;13; 16 
PA08;FPSO;Afretado;U;B2;NÃO;Produção;13; 16 
PA08;FPSO;Afretado;U;B2;NÃO;Produção;14; 33 
PA08;FPSO;Afretado;U;B2;NÃO;Injeção;14; 20 
PA08;FPSO;Afretado;U;B2;NÃO;Produção;15; 12 
PA08;FPSO;Afretado;U;B2;NÃO;Produção;15; 1 
PA08;FPSO;Afretado;U;B2;SIM;Injeção;15; 10 
PA08;FPSO;Afretado;U;B2;NÃO;Produção;15; 2 
PA08;FPSO;Afretado;U;B2;SIM;Injeção;15; 2 
PA08;FPSO;Afretado;U;B2;SIM;Produção;16; 21 
PA08;FPSO;Afretado;U;B2;NÃO;Injeção;16; 21 
PA10;FPSO;Afretado;R;B2;NÃO;Produção;3; 7 
PA10;FPSO;Afretado;R;B2;NÃO;Produção;4; 9 
PA10;FPSO;Afretado;R;B2;NÃO;Injeção;6; 8 
PA10;FPSO;Afretado;R;B2;NÃO;Produção;6; 7 
PA10;FPSO;Afretado;R;B2;NÃO;Produção;7; 15 
PA10;FPSO;Afretado;R;B2;NÃO;Injeção;7; 9 
PA11;FPSO;Afretado;U;B2;NÃO;Produção;3; 6 
PA11;FPSO;Afretado;U;B2;NÃO;Injeção;4; 9 
PA11;FPSO;Afretado;U;B2;NÃO;Produção;4; 7 
PA11;FPSO;Afretado;U;B2;NÃO;Injeção;5; 9 
PA11;FPSO;Afretado;U;B2;NÃO;Produção;5; 11 
PA11;FPSO;Afretado;U;B2;NÃO;Produção;6; 13 
PA11;FPSO;Afretado;U;B2;NÃO;Injeção;6; 10 
PA11;FPSO;Afretado;U;B2;NÃO;Injeção;7; 4 
PA11;FPSO;Afretado;U;B2;NÃO;Produção;7; 8 
PA11;FPSO;Afretado;U;B2;NÃO;Injeção;7; 11 
PA11;FPSO;Afretado;U;B2;NÃO;Produção;8; 5 
PA11;FPSO;Afretado;U;B2;NÃO;Produção;8; 11 
PA11;FPSO;Afretado;U;B2;NÃO;Injeção;8; 8 
PA11;FPSO;Afretado;U;B2;NÃO;Produção;9; 20 
PA11;FPSO;Afretado;U;B2;NÃO;Injeção;9; 18 
PA11;FPSO;Afretado;U;B2;NÃO;Produção;10; 16 
PA11;FPSO;Afretado;U;B2;NÃO;Produção;11; 23 
PA11;FPSO;Afretado;U;B2;NÃO;Injeção;11; 20 
PA12;FPSO;Afretado;U;B2;NÃO;Injeção;3; 11 
PA12;FPSO;Afretado;U;B2;NÃO;Produção;3; 10 
PA12;FPSO;Afretado;U;B2;NÃO;Produção;4; 22 
PA12;FPSO;Afretado;U;B2;NÃO;Injeção;6; 18 
PA12;FPSO;Afretado;U;B2;NÃO;Produção;6; 17 
PA12;FPSO;Afretado;U;B2;NÃO;Produção;8; 22 
PA12;FPSO;Afretado;U;B2;NÃO;Injeção;8; 18 
PA12;FPSO;Afretado;U;B2;NÃO;Produção;9; 25 
PA12;FPSO;Afretado;U;B2;NÃO;Injeção;9; 6 
PA12;FPSO;Afretado;U;B2;NÃO;Injeção;9; 19 
PA12;FPSO;Afretado;U;B2;NÃO;Injeção;10; 7 
PA13;FPSO;Afretado;U;B2;NÃO;Produção;3; 7 
PA13;FPSO;Afretado;U;B2;NÃO;Produção;4; 13 
PA13;FPSO;Afretado;U;B2;NÃO;Injeção;4; 3 
PA13;FPSO;Afretado;U;B2;NÃO;Injeção;5; 2 
PA13;FPSO;Afretado;U;B2;NÃO;Injeção;6; 10 
PA13;FPSO;Afretado;U;B2;NÃO;Produção;6; 12 
PA13;FPSO;Afretado;U;B2;NÃO;Produção;7; 18 
PA13;FPSO;Afretado;U;B2;NÃO;Injeção;7; 18 
PA13;FPSO;Afretado;U;B2;NÃO;Produção;8; 13 
PA13;FPSO;Afretado;U;B2;NÃO;Injeção;8; 12 
PA13;FPSO;Afretado;U;B2;NÃO;Injeção;9; 2 
PA13;FPSO;Afretado;U;B2;NÃO;Injeção;10; 17 
PA13;FPSO;Afretado;U;B2;NÃO;Produção;10; 17 
PA13;FPSO;Afretado;U;B2;NÃO;Injeção;11; 1 
PA13;FPSO;Afretado;U;B2;SIM;Produção;11; 2 
PA13;FPSO;Afretado;U;B2;NÃO;Injeção;11; 7 
PA13;FPSO;Afretado;U;B2;NÃO;Produção;11; 7 
PA13;FPSO;Afretado;U;B2;NÃO;Produção;11; 2 
PA13;FPSO;Afretado;U;B2;NÃO;Injeção;11; 2 
PA14;FPSO;Afretado;U;B2;NÃO;Produção;2; 14 
PA14;FPSO;Afretado;U;B2;NÃO;Injeção;2; 12 
PA14;FPSO;Afretado;U;B2;NÃO;Injeção;3; 9 
PA14;FPSO;Afretado;U;B2;NÃO;Produção;3; 8 
PA14;FPSO;Afretado;U;B2;NÃO;Produção;5; 8 
PA14;FPSO;Afretado;U;B2;NÃO;Injeção;5; 7 
PA14;FPSO;Afretado;U;B2;NÃO;Produção;6; 10 
PA14;FPSO;Afretado;U;B2;NÃO;Injeção;6; 7 
PA14;FPSO;Afretado;U;B2;NÃO;Produção;7; 9 
PA14;FPSO;Afretado;U;B2;NÃO;Injeção;7; 9 
PA14;FPSO;Afretado;U;B2;NÃO;Produção;8; 10 
PA14;FPSO;Afretado;U;B2;NÃO;Injeção;8; 9 
PA14;FPSO;Afretado;U;B2;NÃO;Produção;9; 2 
PA14;FPSO;Afretado;U;B2;NÃO;Injeção;9; 10 
PA14;FPSO;Afretado;U;B2;NÃO;Produção;9; 9 
PA14;FPSO;Afretado;U;B2;SIM;Produção;9; 1 
PA14;FPSO;Afretado;U;B2;SIM;Produção;10; 3 
PA14;FPSO;Afretado;U;B2;SIM;Injeção;10; 21 
PA14;FPSO;Afretado;U;B2;SIM;Produção;10; 11 
PA14;FPSO;Afretado;U;B2;SIM;Produção;10; 3 
PA15;FPSO;Afretado;U;B2;NÃO;Produção;2; 4 
PA15;FPSO;Afretado;U;B2;NÃO;Produção;4; 11 
PA15;FPSO;Afretado;U;B2;NÃO;Injeção;5; 2 
PA15;FPSO;Afretado;U;B2;NÃO;Produção;5; 12 
PA15;FPSO;Afretado;U;B2;NÃO;Injeção;5; 8 
PA15;FPSO;Afretado;U;B2;NÃO;Injeção;6; 14 
PA15;FPSO;Afretado;U;B2;NÃO;Produção;6; 15 
PA15;FPSO;Afretado;U;B2;NÃO;Injeção;6; 3 
PA15;FPSO;Afretado;U;B2;NÃO;Produção;7; 11 
PA15;FPSO;Afretado;U;B2;NÃO;Injeção;7; 5 
PA15;FPSO;Afretado;U;B2;NÃO;Injeção;9; 14 
PA15;FPSO;Afretado;U;B2;NÃO;Produção;9; 14 
PA15;FPSO;Afretado;U;B2;NÃO;Produção;10; 11 
PA15;FPSO;Afretado;U;B2;NÃO;Injeção;10; 9 
PA15;FPSO;Afretado;U;B2;NÃO;Produção;11; 13 
PA15;FPSO;Afretado;U;B2;NÃO;Injeção;11; 13 
PA15;FPSO;Afretado;U;B2;NÃO;Produção;12; 3 
PA15;FPSO;Afretado;U;B2;NÃO;Injeção;12; 11 
PA15;FPSO;Afretado;U;B2;NÃO;Produção;12; 11 
PA15;FPSO;Afretado;U;B2;SIM;Produção;12; 3 
PA15;FPSO;Afretado;U;B2;NÃO;Produção;13; 2 
PA15;FPSO;Afretado;U;B2;NÃO;Injeção;13; 7 
PA15;FPSO;Afretado;U;B2;NÃO;Produção;13; 7 
PA15;FPSO;Afretado;U;B2;NÃO;Produção;13; 2 
PA16;FPSO;Afretado;U;B2;NÃO;Produção;4; 19 
PA16;FPSO;Afretado;U;B2;NÃO;Produção;4; 1 
PA16;FPSO;Afretado;U;B2;NÃO;Injeção;4; 14 
PA17;FPSO;Afretado;U;B2;NÃO;Produção;2; 6 
PA17;FPSO;Afretado;U;B2;SIM;Produção;2; 3 
PA17;FPSO;Afretado;U;B2;SIM;Produção;2; 3 
PA17;FPSO;Afretado;U;B2;NÃO;Produção;3; 15 
PA17;FPSO;Afretado;U;B2;NÃO;Produção;3; 1 
PA17;FPSO;Afretado;U;B2;NÃO;Produção;6; 18 
PA17;FPSO;Afretado;U;B2;NÃO;Injeção;6; 18 
PA17;FPSO;Afretado;U;B2;NÃO;Injeção;7; 8 
PA17;FPSO;Afretado;U;B2;NÃO;Produção;7; 8 
PA17;FPSO;Afretado;U;B2;NÃO;Produção;8; 11 
PA17;FPSO;Afretado;U;B2;NÃO;Injeção;8; 11 
PA17;FPSO;Afretado;U;B2;NÃO;Injeção;8; 5 
PA17;FPSO;Afretado;U;B2;NÃO;Produção;9; 21 
PA17;FPSO;Afretado;U;B2;NÃO;Injeção;9; 18 
PA17;FPSO;Afretado;U;B2;NÃO;Injeção;10; 4 
PA17;FPSO;Afretado;U;B2;NÃO;Produção;12; 20 
PA17;FPSO;Afretado;U;B2;NÃO;Injeção;12; 18 
PA17;FPSO;Afretado;U;B2;NÃO;Injeção;12; 19 
PA18;FPSO;Afretado;U;B2;NÃO;Produção;3; 9 
PA18;FPSO;Afretado;U;B2;NÃO;Injeção;3; 8 
PA18;FPSO;Afretado;U;B2;NÃO;Injeção;3; 2 
PA18;FPSO;Afretado;U;B2;NÃO;Injeção;4; 8 
PA18;FPSO;Afretado;U;B2;NÃO;Produção;4; 7 
PA18;FPSO;Afretado;U;B2;NÃO;Injeção;6; 15 
PA18;FPSO;Afretado;U;B2;NÃO;Produção;6; 11 
PA18;FPSO;Afretado;U;B2;NÃO;Produção;7; 17 
PA18;FPSO;Afretado;U;B2;NÃO;Injeção;7; 1 
PA18;FPSO;Afretado;U;B2;NÃO;Injeção;7; 1 
PA18;FPSO;Afretado;U;B2;NÃO;Injeção;7; 14 
PA18;FPSO;Afretado;U;B2;NÃO;Injeção;7; 1 
PA18;FPSO;Afretado;U;B2;NÃO;Injeção;8; 2 
PA18;FPSO;Afretado;U;B2;NÃO;Injeção;8; 14 
PA18;FPSO;Afretado;U;B2;NÃO;Produção;8; 17 
PA18;FPSO;Afretado;U;B2;SIM;Injeção;9; 24 
PA18;FPSO;Afretado;U;B2;SIM;Produção;9; 18 
PA18;FPSO;Afretado;U;B2;SIM;Produção;9; 1 
PA18;FPSO;Afretado;U;B2;SIM;Injeção;9; 7 
PA18;FPSO;Afretado;U;B2;NÃO;Produção;9; 3 
PA18;FPSO;Afretado;U;B2;NÃO;Injeção;10; 1 
PA18;FPSO;Afretado;U;B2;SIM;Injeção;10; 12 
PA18;FPSO;Afretado;U;B2;NÃO;Produção;10; 11 
PA18;FPSO;Afretado;U;B2;SIM;Produção;10; 8 
PA18;FPSO;Afretado;U;B2;SIM;Produção;10; 1 
PA19;FPSO;Afretado;P;B2;NÃO;Produção;3; 8 
PA19;FPSO;Afretado;P;B2;NÃO;Produção;3; 10 
PA19;FPSO;Afretado;P;B2;NÃO;Produção;4; 2 
PA19;FPSO;Afretado;P;B2;NÃO;Produção;4; 14 
PA19;FPSO;Afretado;P;B2;NÃO;Produção;5; 10 
PA19;FPSO;Afretado;P;B2;SIM;Produção;6; 8 
PA19;FPSO;Afretado;P;B2;NÃO;Injeção;7; 14 
PA19;FPSO;Afretado;P;B2;NÃO;Produção;8; 8 
PA19;FPSO;Afretado;P;B2;NÃO;Produção;9; 377 
PA19;FPSO;Afretado;P;B2;NÃO;Injeção;10; 15 
PA19;FPSO;Afretado;P;B2;NÃO;Produção;11; 113 
PA19;FPSO;Afretado;P;B2;NÃO;Injeção;11; 100 
PA19;FPSO;Afretado;P;B2;NÃO;Produção;12; 160 
PA19;FPSO;Afretado;P;B2;NÃO;Injeção;14; 8 
PP30;FPSO;Próprio;U;B2;NÃO;Injeção;4; 2 
PP30;FPSO;Próprio;U;B2;NÃO;Produção;5; 23 
PP30;FPSO;Próprio;U;B2;NÃO;Injeção;5; 22 
PP30;FPSO;Próprio;U;B2;NÃO;Produção;6; 18 
PP30;FPSO;Próprio;U;B2;NÃO;Injeção;6; 12 
PP30;FPSO;Próprio;U;B2;NÃO;Injeção;8; 9 
PP30;FPSO;Próprio;U;B2;NÃO;Produção;8; 9 
PP30;FPSO;Próprio;U;B2;NÃO;Produção;8; 1 
PP30;FPSO;Próprio;U;B2;NÃO;Produção;8; 3 
PP30;FPSO;Próprio;U;B2;NÃO;Produção;9; 3 
PP30;FPSO;Próprio;U;B2;NÃO;Produção;9; 33 
PP30;FPSO;Próprio;U;B2;NÃO;Injeção;9; 29 
PP30;FPSO;Próprio;U;B2;NÃO;Produção;9; 6 
PP31;FPSO;Próprio;U;B2;NÃO;Injeção;4; 5 
PP31;FPSO;Próprio;U;B2;NÃO;Produção;5; 19 
PP31;FPSO;Próprio;U;B2;NÃO;Injeção;5; 10 
PP31;FPSO;Próprio;U;B2;NÃO;Injeção;5; 9 
PP31;FPSO;Próprio;U;B2;NÃO;Produção;5; 4 
PP31;FPSO;Próprio;U;B2;NÃO;Injeção;5; 2 
PP31;FPSO;Próprio;U;B2;SIM;Produção;6; 2 
PP31;FPSO;Próprio;U;B2;SIM;Produção;6; 34 
PP31;FPSO;Próprio;U;B2;NÃO;Injeção;6; 34 
PP31;FPSO;Próprio;U;B2;SIM;Produção;6; 3 
PP31;FPSO;Próprio;U;B2;NÃO;Produção;7; 8 
PP31;FPSO;Próprio;U;B2;NÃO;Injeção;7; 6 
PP32;FPSO;Próprio;U;B2;NÃO;Produção;2; 2 
PP32;FPSO;Próprio;U;B2;NÃO;Produção;5; 25 
PP32;FPSO;Próprio;U;B2;NÃO;Injeção;5; 19 
PP32;FPSO;Próprio;U;B2;NÃO;Produção;5; 5 
PP32;FPSO;Próprio;U;B2;NÃO;Injeção;5; 5 
PP32;FPSO;Próprio;U;B2;NÃO;Injeção;7; 37 
PP32;FPSO;Próprio;U;B2;SIM;Produção;7; 34 
PP32;FPSO;Próprio;U;B2;NÃO;Produção;7; 2 
PP33;FPSO;Próprio;U;B2;NÃO;Produção;5; 22 
PP33;FPSO;Próprio;U;B2;NÃO;Injeção;5; 20 
PP33;FPSO;Próprio;U;B2;NÃO;Produção;6; 24 
PP33;FPSO;Próprio;U;B2;NÃO;Injeção;7; 22 
PP33;FPSO;Próprio;U;B2;NÃO;Produção;7; 2 
PP33;FPSO;Próprio;U;B2;NÃO;Produção;7; 10 
PP34;FPSO;Próprio;U;B2;NÃO;Injeção;4; 21 
PP34;FPSO;Próprio;U;B2;NÃO;Produção;4; 25 
PP34;FPSO;Próprio;U;B2;NÃO;Injeção;4; 10 
PP35;FPSO;Próprio;U;B2;SIM;Injeção;4; 4 
PP35;FPSO;Próprio;U;B2;SIM;Produção;4; 4 
PA06;FPSO;Afretado;U;B2;NÃO;Injeção;2; 17 
PA06;FPSO;Afretado;U;B2;NÃO;Produção;2; 16 
PP36;FPSO;Próprio;U;B2;NÃO;Produção;3; 6 
PP36;FPSO;Próprio;U;B2;NÃO;Injeção;4; 12 
PP36;FPSO;Próprio;U;B2;NÃO;Produção;4; 13 
PP36;FPSO;Próprio;U;B2;NÃO;Injeção;6; 2 
PP36;FPSO;Próprio;U;B2;NÃO;Injeção;7; 29 
PP36;FPSO;Próprio;U;B2;NÃO;Produção;7; 26 
PP37;FPSO;Próprio;U;B2;NÃO;Produção;3; 20 
PP37;FPSO;Próprio;U;B2;NÃO;Produção;3; 23 
PP37;FPSO;Próprio;U;B2;NÃO;Produção;5; 4 
PP37;FPSO;Próprio;U;B2;NÃO;Injeção;5; 6 
PP37;FPSO;Próprio;U;B2;NÃO;Produção;5; 1 
PP37;FPSO;Próprio;U;B2;NÃO;Injeção;5; 6 
PP37;FPSO;Próprio;U;B2;NÃO;Produção;5; 6 
PP38;FPSO;Próprio;U;B2;NÃO;Injeção;3; 1 
PP38;FPSO;Próprio;U;B2;NÃO;Produção;3; 22 
PP38;FPSO;Próprio;U;B2;NÃO;Injeção;3; 21 
PP38;FPSO;Próprio;U;B2;NÃO;Injeção;3; 3 
PP38;FPSO;Próprio;U;B2;NÃO;Injeção;4; 5 
PP38;FPSO;Próprio;U;B2;NÃO;Injeção;6; 28 
PP38;FPSO;Próprio;U;B2;NÃO;Produção;6; 23 
PP39;FPSO;Próprio;U;B2;NÃO;Produção;2; 4 
PP39;FPSO;Próprio;U;B2;NÃO;Produção;2; 27 
PP39;FPSO;Próprio;U;B2;NÃO;Injeção;3; 5 
PP39;FPSO;Próprio;U;B2;NÃO;Produção;3; 4 
PP39;FPSO;Próprio;U;B2;NÃO;Injeção;5; 23 
PP39;FPSO;Próprio;U;B2;NÃO;Produção;5; 23 
PP39;FPSO;Próprio;U;B2;NÃO;Injeção;7; 5 
PP39;FPSO;Próprio;U;B2;NÃO;Produção;7; 5 
PA01;FPSO;Afretado;P;B1;NÃO;Produção;5; 11 
PA01;FPSO;Afretado;P;B1;NÃO;Produção;6; 18 
PA01;FPSO;Afretado;P;B1;NÃO;Produção;7; 34 
PA01;FPSO;Afretado;P;B1;NÃO;Injeção;7; 23 
PA01;FPSO;Afretado;P;B1;NÃO;Produção;8; 21 
PA01;FPSO;Afretado;P;B1;NÃO;Injeção;8; 20 
PA01;FPSO;Afretado;P;B1;NÃO;Injeção;9; 49 
PA01;FPSO;Afretado;P;B1;NÃO;Produção;9; 29 
PA01;FPSO;Afretado;P;B1;NÃO;Produção;9; 25 
PA01;FPSO;Afretado;P;B1;NÃO;Injeção;9; 19 
PA02;FPSO;Afretado;P;B1;NÃO;Produção;4; 6 
PA02;FPSO;Afretado;P;B1;NÃO;Produção;5; 9 
PA02;FPSO;Afretado;P;B1;NÃO;Injeção;6; 93 
PA02;FPSO;Afretado;P;B1;NÃO;Produção;6; 15 
PA02;FPSO;Afretado;P;B1;NÃO;Produção;8; 14 
PA02;FPSO;Afretado;P;B1;NÃO;Injeção;8; 12 
PA02;FPSO;Afretado;P;B1;NÃO;Injeção;9; 8 
PA02;FPSO;Afretado;P;B1;NÃO;Produção;9; 9 
PA02;FPSO;Afretado;P;B1;NÃO;Produção;10; 15 
PA02;FPSO;Afretado;P;B1;NÃO;Injeção;10; 8 
PA02;FPSO;Afretado;P;B1;NÃO;Produção;13; 69 
PA02;FPSO;Afretado;P;B1;NÃO;Injeção;13; 65 
PA02;FPSO;Afretado;P;B1;NÃO;Produção;13; 4 
PA02;FPSO;Afretado;P;B1;NÃO;Injeção;13; 2 
PA03;FPSO;Afretado;P;B1;NÃO;Produção;5; 16 
PA03;FPSO;Afretado;P;B1;NÃO;Produção;6; 19 
PA03;FPSO;Afretado;P;B1;NÃO;Produção;8; 65 
PA03;FPSO;Afretado;P;B1;NÃO;Produção;11; 23 
PA03;FPSO;Afretado;P;B1;NÃO;Produção;13; 27 
PA07;FPSO;Afretado;P;B1;NÃO;Produção;5; 20 
PA07;FPSO;Afretado;P;B1;NÃO;Produção;6; 1 
PP08;SS;Próprio;P;B1;NÃO;Produção;19; 1 
PP08;SS;Próprio;P;B1;NÃO;Produção;20; 35 
PP08;SS;Próprio;P;B1;NÃO;Produção;23; 53 
PP08;SS;Próprio;P;B1;NÃO;Produção;24; 34 
PP08;SS;Próprio;P;B1;NÃO;Injeção;27; 103 
PP08;SS;Próprio;P;B1;NÃO;Produção;27; 103 
PP08;SS;Próprio;P;B1;NÃO;Produção;28; 45 
PP10;FPSO;Próprio;P;B1;NÃO;Produção;18; 33 
PP10;FPSO;Próprio;P;B1;NÃO;Produção;21; 63 
PP10;FPSO;Próprio;P;B1;NÃO;Injeção;22; 36 
PP10;FPSO;Próprio;P;B1;NÃO;Produção;22; 37 
PP10;FPSO;Próprio;P;B1;NÃO;Produção;25; 68 
PP10;FPSO;Próprio;P;B1;NÃO;Produção;26; 42 
PP10;FPSO;Próprio;P;B1;NÃO;Injeção;26; 36 
PP17;FPSO;Próprio;P;B1;NÃO;Produção;9; 10 
PP17;FPSO;Próprio;P;B1;NÃO;Produção;9; 16 
PP17;FPSO;Próprio;P;B1;NÃO;Produção;9; 2 
PP17;FPSO;Próprio;P;B1;NÃO;Produção;9; 4 
PP17;FPSO;Próprio;P;B1;NÃO;Produção;9; 1 
PP17;FPSO;Próprio;P;B1;SIM;Produção;9; 37 
PP17;FPSO;Próprio;P;B1;NÃO;Produção;9; 14 
PP17;FPSO;Próprio;P;B1;NÃO;Produção;10; 22 
PP17;FPSO;Próprio;P;B1;NÃO;Produção;13; 22 
PP17;FPSO;Próprio;P;B1;NÃO;Injeção;13; 22 
PP17;FPSO;Próprio;P;B1;NÃO;Produção;16; 31 
PP17;FPSO;Próprio;P;B1;NÃO;Injeção;16; 36 
PP19;SS;Próprio;U;B1;NÃO;Produção;8; 3 
PP19;SS;Próprio;U;B1;NÃO;Produção;8; 3 
PP19;SS;Próprio;U;B1;NÃO;Produção;9; 22 
PP19;SS;Próprio;U;B1;NÃO;Produção;12; 25 
PP19;SS;Próprio;U;B1;NÃO;Injeção;12; 8 
PP19;SS;Próprio;U;B1;NÃO;Produção;13; 2 
PP19;SS;Próprio;U;B1;NÃO;Produção;13; 27 
PP19;SS;Próprio;U;B1;NÃO;Injeção;13; 16 
PP19;SS;Próprio;U;B1;NÃO;Produção;13; 5 
PP19;SS;Próprio;U;B1;NÃO;Injeção;14; 10 
PP19;SS;Próprio;U;B1;NÃO;Produção;16; 10 
PP19;SS;Próprio;U;B1;NÃO;Injeção;16; 7 
PP19;SS;Próprio;U;B1;NÃO;Produção;17; 31 
PP19;SS;Próprio;U;B1;NÃO;Injeção;17; 17 
PP19;SS;Próprio;U;B1;NÃO;Produção;18; 45 
PP19;SS;Próprio;U;B1;NÃO;Injeção;18; 22 
PP19;SS;Próprio;U;B1;NÃO;Produção;19; 18 
PP19;SS;Próprio;U;B1;NÃO;Injeção;19; 8 
PP21;FPSO;Próprio;P;B1;NÃO;Produção;8; 3 
PP21;FPSO;Próprio;P;B1;NÃO;Produção;8; 6 
PP21;FPSO;Próprio;P;B1;NÃO;Produção;8; 1 
PP21;FPSO;Próprio;P;B1;NÃO;Produção;8; 3 
PP21;FPSO;Próprio;P;B1;NÃO;Produção;8; 21 
PP21;FPSO;Próprio;P;B1;SIM;Produção;8; 20 
PP21;FPSO;Próprio;P;B1;NÃO;Produção;8; 3 
PP21;FPSO;Próprio;P;B1;NÃO;Produção;8; 4 
PP21;FPSO;Próprio;P;B1;NÃO;Produção;10; 13 
PP21;FPSO;Próprio;P;B1;NÃO;Produção;10; 15 
PP21;FPSO;Próprio;P;B1;NÃO;Produção;10; 8 
PP21;FPSO;Próprio;P;B1;NÃO;Produção;13; 6 
PP21;FPSO;Próprio;P;B1;NÃO;Produção;13; 28 
PP21;FPSO;Próprio;P;B1;NÃO;Injeção;13; 30 
PP21;FPSO;Próprio;P;B1;NÃO;Injeção;14; 28 
PP21;FPSO;Próprio;P;B1;NÃO;Produção;15; 20 
PP21;FPSO;Próprio;P;B1;NÃO;Produção;15; 64 
PP21;FPSO;Próprio;P;B1;NÃO;Produção;15; 31 
PP21;FPSO;Próprio;P;B1;NÃO;Produção;17; 93 
PP21;FPSO;Próprio;P;B1;NÃO;Injeção;17; 79 
PP21;FPSO;Próprio;P;B1;NÃO;Produção;17; 8 
PP21;FPSO;Próprio;P;B1;NÃO;Injeção;18; 19 
PP21;FPSO;Próprio;P;B1;NÃO;Injeção;19; 10 
PP22;SS;Próprio;U;B1;NÃO;Produção;4; 8 
PP22;SS;Próprio;U;B1;NÃO;Produção;6; 25 
PP22;SS;Próprio;U;B1;NÃO;Injeção;6; 21 
PP22;SS;Próprio;U;B1;NÃO;Injeção;8; 11 
PP22;SS;Próprio;U;B1;NÃO;Produção;9; 24 
PP22;SS;Próprio;U;B1;NÃO;Injeção;9; 3 
PP22;SS;Próprio;U;B1;NÃO;Produção;11; 29 
PP22;SS;Próprio;U;B1;NÃO;Injeção;11; 29 
PP24;FPSO;Próprio;P;B1;NÃO;Produção;6; 16 
PP24;FPSO;Próprio;P;B1;NÃO;Injeção;9; 16 
PP24;FPSO;Próprio;P;B1;NÃO;Produção;9; 18 
PP24;FPSO;Próprio;P;B1;NÃO;Injeção;12; 28 
PP24;FPSO;Próprio;P;B1;NÃO;Produção;12; 28 
PP24;FPSO;Próprio;P;B1;NÃO;Produção;14; 3 
PP24;FPSO;Próprio;P;B1;NÃO;Injeção;14; 3 
PP24;FPSO;Próprio;P;B1;NÃO;Produção;16; 32 
PP25;FPSO;Próprio;P;B1;NÃO;Produção;4; 24 
PP25;FPSO;Próprio;P;B1;NÃO;Injeção;4; 22 
PP25;FPSO;Próprio;P;B1;NÃO;Produção;7; 19 
PP25;FPSO;Próprio;P;B1;NÃO;Injeção;7; 11 
PP25;FPSO;Próprio;P;B1;NÃO;Injeção;8; 2 
PP25;FPSO;Próprio;P;B1;NÃO;Produção;8; 32 
PP25;FPSO;Próprio;P;B1;NÃO;Injeção;8; 29 
PP25;FPSO;Próprio;P;B1;NÃO;Produção;9; 36 
PP25;FPSO;Próprio;P;B1;NÃO;Injeção;9; 28 
PP25;FPSO;Próprio;P;B1;SIM;Produção;9; 4 
PP25;FPSO;Próprio;P;B1;NÃO;Injeção;9; 1 
PP25;FPSO;Próprio;P;B1;NÃO;Injeção;10; 3 
PP25;FPSO;Próprio;P;B1;NÃO;Produção;10; 15 
PP25;FPSO;Próprio;P;B1;NÃO;Injeção;10; 8 
PP25;FPSO;Próprio;P;B1;SIM;Produção;11; 41 
PP25;FPSO;Próprio;P;B1;NÃO;Injeção;11; 37 
PP27;FPSO;Próprio;U;B1;NÃO;Produção;1; 4 
PP27;FPSO;Próprio;U;B1;NÃO;Produção;2; 14 
PP27;FPSO;Próprio;U;B1;NÃO;Produção;6; 31 
PP27;FPSO;Próprio;U;B1;NÃO;Produção;9; 35 
PP27;FPSO;Próprio;U;B1;NÃO;Injeção;9; 27 
PP27;FPSO;Próprio;U;B1;NÃO;Injeção;11; 12 
PA20;FPSO;Afretado;U;B2;NÃO;Injeção;2; 56 
PA20;FPSO;Afretado;U;B2;NÃO;Produção;2; 28 
PA20;FPSO;Afretado;U;B2;NÃO;Injeção;3; 21 
PA20;FPSO;Afretado;U;B2;NÃO;Produção;3; 20 
PA20;FPSO;Afretado;U;B2;SIM;Produção;4; 3 
PA23;FPSO;Afretado;U;B2;NÃO;Produção;4; 50 
PA23;FPSO;Afretado;U;B2;NÃO;Produção;5; 2 
PA23;FPSO;Afretado;U;B2;NÃO;Produção;6; 26 
PA23;FPSO;Afretado;U;B2;NÃO;Produção;6; 3 
PA23;FPSO;Afretado;U;B2;NÃO;Produção;7; 1 
PA23;FPSO;Afretado;U;B2;NÃO;Produção;8; 14 
PA23;FPSO;Afretado;U;B2;NÃO;Produção;8; 15 
PA23;FPSO;Afretado;U;B2;SIM;Produção;9; 4 
PA25;FPSO;Afretado;U;B2;NÃO;Produção;3; 7 
PA25;FPSO;Afretado;U;B2;SIM;Produção;3; 4 
